{"incidents":"{\"lastUpdated\":1673247240000,\"incidents\":[{\"id\":\"INCD-53177-m\",\"loc\":[52.95921,-1.232307]},{\"id\":\"INCD-53174-m\",\"loc\":[52.67119,-0.2967243]},{\"id\":\"INCD-53178-m\",\"loc\":[53.30475,0.2864165]}]}","incidentStatus":200,"alertSummary":"[{\"flagAsNew\":true,\"id\":26,\"published\":1656920347000}]"}