{"incidents":"{\"lastUpdated\":1672989840000,\"incidents\":[{\"id\":\"INCD-41049-q\",\"loc\":[50.38536,-4.030403]},{\"id\":\"INCD-30937-b\",\"loc\":[51.73657,-2.536688]},{\"id\":\"INCD-52906-m\",\"loc\":[52.73164,-1.097356]}]}","incidentStatus":200,"alertSummary":"[{\"flagAsNew\":true,\"id\":26,\"published\":1656920347000}]"}