{"incidents":"{\"lastUpdated\":1673254440000,\"incidents\":[{\"id\":\"INCD-41307-q\",\"loc\":[50.71778,-3.86788]},{\"id\":\"INCD-346916-f\",\"loc\":[52.48333,-1.92393]},{\"id\":\"INCD-53188-m\",\"loc\":[52.88981,-1.224169]},{\"id\":\"INCD-53174-m\",\"loc\":[52.67119,-0.2967243]}]}","incidentStatus":200,"alertSummary":"[{\"flagAsNew\":true,\"id\":26,\"published\":1656920347000}]"}