{"incidents":"{\"lastUpdated\":1673418240000,\"incidents\":[{\"id\":\"INCD-41375-q\",\"loc\":[50.5109,-4.942278]},{\"id\":\"INCD-42801-c\",\"loc\":[51.91067,-2.118606]},{\"id\":\"INCD-53433-m\",\"loc\":[53.3307,-0.821516]}]}","incidentStatus":200,"alertSummary":"[{\"flagAsNew\":true,\"id\":26,\"published\":1656920347000}]"}