{"incidents":"{\"lastUpdated\":1673248740000,\"incidents\":[{\"id\":\"INCD-41305-q\",\"loc\":[50.41246,-5.060224]},{\"id\":\"INCD-41304-q\",\"loc\":[50.16395,-5.089027]},{\"id\":\"INCD-53174-m\",\"loc\":[52.67119,-0.2967243]}]}","incidentStatus":200,"alertSummary":"[{\"flagAsNew\":true,\"id\":26,\"published\":1656920347000}]"}