{"incidents":"{\"lastUpdated\":1672993440000,\"incidents\":[{\"id\":\"INCD-41049-q\",\"loc\":[50.38536,-4.030403]},{\"id\":\"INCD-41055-q\",\"loc\":[50.26989,-3.848809]},{\"id\":\"INCD-30937-b\",\"loc\":[51.73657,-2.536688]}]}","incidentStatus":200,"alertSummary":"[{\"flagAsNew\":true,\"id\":26,\"published\":1656920347000}]"}