{"incidents":"{\"lastUpdated\":1673843340000,\"incidents\":[{\"id\":\"INCD-41874-q\",\"loc\":[51.00078,-3.12501]},{\"id\":\"INCD-25873-g\",\"loc\":[51.8825,-3.992591]},{\"id\":\"INCD-31400-b\",\"loc\":[52.36845,-2.689367]},{\"id\":\"INCD-53988-m\",\"loc\":[52.24086,-1.08995]}]}","incidentStatus":200,"alertSummary":"[{\"flagAsNew\":true,\"id\":26,\"published\":1656920347000}]"}