{"incidents":"{\"lastUpdated\":1673409240000,\"incidents\":[{\"id\":\"INCD-41375-q\",\"loc\":[50.5109,-4.942278]},{\"id\":\"INCD-41378-q\",\"loc\":[50.46871,-3.524245]},{\"id\":\"INCD-25561-g\",\"loc\":[51.58893,-2.754306]}]}","incidentStatus":200,"alertSummary":"[{\"flagAsNew\":true,\"id\":26,\"published\":1656920347000}]"}