{"incidents":"{\"lastUpdated\":1672988040000,\"incidents\":[{\"id\":\"INCD-41049-q\",\"loc\":[50.38536,-4.030403]},{\"id\":\"INCD-25389-g\",\"loc\":[52.23997,-3.380587]},{\"id\":\"INCD-42543-c\",\"loc\":[52.6335,-1.964318]},{\"id\":\"INCD-30937-b\",\"loc\":[51.73657,-2.536688]}]}","incidentStatus":200,"alertSummary":"[{\"flagAsNew\":true,\"id\":26,\"published\":1656920347000}]"}