{"incidents":"{\"lastUpdated\":1673339040000,\"incidents\":[{\"id\":\"INCD-25527-g\",\"loc\":[51.69254,-4.953256]},{\"id\":\"INCD-42703-c\",\"loc\":[52.43842,-1.927803]},{\"id\":\"INCD-53312-m\",\"loc\":[53.09265,-1.389969]},{\"id\":\"INCD-53311-m\",\"loc\":[52.28044,-1.58628]}]}","incidentStatus":200,"alertSummary":"[{\"flagAsNew\":true,\"id\":26,\"published\":1656920347000}]"}