{"incidents":"{\"lastUpdated\":1673253240000,\"incidents\":[{\"id\":\"INCD-41306-q\",\"loc\":[50.67637,-3.845035]},{\"id\":\"INCD-53188-m\",\"loc\":[52.88981,-1.224169]},{\"id\":\"INCD-53174-m\",\"loc\":[52.67119,-0.2967243]}]}","incidentStatus":200,"alertSummary":"[{\"flagAsNew\":true,\"id\":26,\"published\":1656920347000}]"}