{"incidents":"{\"lastUpdated\":1672980840000,\"incidents\":[{\"id\":\"INCD-41038-q\",\"loc\":[51.06704,-3.276343]},{\"id\":\"INCD-25389-g\",\"loc\":[52.23997,-3.380587]},{\"id\":\"INCD-42543-c\",\"loc\":[52.6335,-1.964318]}]}","incidentStatus":200,"alertSummary":"[{\"flagAsNew\":true,\"id\":26,\"published\":1656920347000}]"}