{"incidents":"{\"lastUpdated\":1673412840000,\"incidents\":[{\"id\":\"INCD-41375-q\",\"loc\":[50.5109,-4.942278]},{\"id\":\"INCD-25561-g\",\"loc\":[51.58893,-2.754306]},{\"id\":\"INCD-42800-c\",\"loc\":[52.53702,-1.794776]}]}","incidentStatus":200,"alertSummary":"[{\"flagAsNew\":true,\"id\":26,\"published\":1656920347000}]"}