{"incidents":"{\"lastUpdated\":1673320740000,\"incidents\":[{\"id\":\"INCD-41333-q\",\"loc\":[51.53534,-2.58915]},{\"id\":\"INCD-42637-c\",\"loc\":[52.19498,-2.206688]},{\"id\":\"INCD-42703-c\",\"loc\":[52.43842,-1.927803]}]}","incidentStatus":200,"alertSummary":"[{\"flagAsNew\":true,\"id\":26,\"published\":1656920347000}]"}