{"incidents":"{\"lastUpdated\":1673423940000,\"incidents\":[{\"id\":\"INCD-42801-c\",\"loc\":[51.91067,-2.118606]},{\"id\":\"INCD-53440-m\",\"loc\":[52.0148,-1.14596]},{\"id\":\"INCD-53438-m\",\"loc\":[52.00238,-0.7481987]},{\"id\":\"INCD-53433-m\",\"loc\":[53.3307,-0.821516]}]}","incidentStatus":200,"alertSummary":"[{\"flagAsNew\":true,\"id\":26,\"published\":1656920347000}]"}