{"incidents":"{\"lastUpdated\":1673841540000,\"incidents\":[{\"id\":\"INCD-25873-g\",\"loc\":[51.8825,-3.992591]},{\"id\":\"INCD-31400-b\",\"loc\":[52.36845,-2.689367]}]}","incidentStatus":200,"alertSummary":"[{\"flagAsNew\":true,\"id\":26,\"published\":1656920347000}]"}